rank,site,title,url
1,wedmegood,20 Best Marriage Gardens / Lawns in Delhi Ncr,https://www.wedmegood.com/vendors/delhi-ncr/wedding-venues/all/marriage-garden-lawns/
2,venuelook,30 Best Party Lawns in Delhi with Price & Packages,https://www.venuelook.com/delhi/party-lawns
3,partyvillas,20 Best Wedding Lawns in Delhi | Top Rated Venues Only,https://www.partyvillas.in/wedding-lawns-in-delhi
4,sloshout,Top 50 Wedding Lawns & Marriage Garden in Delhi,https://www.sloshout.com/delhi/wedding-lawns/
5,framesnhues,Pre Wedding Locations in Delhi - Frames N Hues,"https://framesnhues.com/prewedding-locations-in-delhi/#:~:text=FREE%20Prewedding%20locations%20in%20DELHI&text=Humayun%20tomb%20%E2%80%93%20Fort%20but%20at,crowded%20and%20a%20bit%20restricted."
6,wedmegood,20 Best Banquet Halls in Delhi Ncr with Price - WedMeGood,"https://www.wedmegood.com/vendors/delhi-ncr/wedding-venues/all/banquet-hall/#:~:text=Banquet%20halls%20with%20cost%20INR,Delhi%20in%20this%20price%20range."
7,awaywiththesteiners,5 Quiet Places In Delhi Unashamedly Away From The Crowds.,https://awaywiththesteiners.com/quiet-places-to-visit-in-new-delhi/
8,heritagevillageresorts,Destination Wedding Near Delhi - Heritage Village Resorts & Spa,"https://www.heritagevillageresorts.com/heritage-village-resort-spa-manesar/destination-wedding-near-delhi.html#:~:text=Versatile%20Wedding%20Venues,of%20more%20than%202300%20sq."
9,justdial,Popular Marriage Lawns 1001 To 1500 Persons in Delhi,https://www.justdial.com/Delhi/Marriage-Lawns-1001-To-1500-Persons/nct-12156787
10,venuepool,"53 Party Lawns in Delhi with Prices, Photos & Deals",https://www.venuepool.com/ind/delhi/party-lawn-in-delhi
